[
  {
    "name_en": "Afghanistan",
    "name_fr": "Afghanistan",
    "dial_code": "+93",
    "code": "AF"
  },
  {
    "name_en": "Aland Islands",
    "name_fr": "Îles Åland",
    "dial_code": "+358",
    "code": "AX"
  },
  {
    "name_en": "Albania",
    "name_fr": "Albanie",
    "dial_code": "+355",
    "code": "AL"
  },
  {
    "name_en": "Algeria",
    "name_fr": "Algérie",
    "dial_code": "+213",
    "code": "DZ"
  },
  {
    "name_en": "American Samoa",
    "name_fr": "Samoa américaines",
    "dial_code": "+1",
    "code": "AS"
  },
  {
    "name_en": "Andorra",
    "name_fr": "Andorre",
    "dial_code": "+376",
    "code": "AD"
  },
  {
    "name_en": "Angola",
    "name_fr": "Angola",
    "dial_code": "+244",
    "code": "AO"
  },
  {
    "name_en": "Anguilla",
    "name_fr": "Anguilla",
    "dial_code": "+1",
    "code": "AI"
  },
  {
    "name_en": "Antarctica",
    "name_fr": "Antarctique",
    "dial_code": "+672",
    "code": "AQ"
  },
  {
    "name_en": "Antigua and Barbuda",
    "name_fr": "Antigua-et-Barbuda",
    "dial_code": "+1268",
    "code": "AG"
  },
  {
    "name_en": "Argentina",
    "name_fr": "Argentine",
    "dial_code": "+54",
    "code": "AR"
  },
  {
    "name_en": "Armenia",
    "name_fr": "Arménie",
    "dial_code": "+374",
    "code": "AM"
  },
  {
    "name_en": "Aruba",
    "name_fr": "Aruba",
    "dial_code": "+297",
    "code": "AW"
  },
  {
    "name_en": "Australia",
    "name_fr": "Australie",
    "dial_code": "+61",
    "code": "AU"
  },
  {
    "name_en": "Austria",
    "name_fr": "Autriche",
    "dial_code": "+43",
    "code": "AT"
  },
  {
    "name_en": "Azerbaijan",
    "name_fr": "Azerbaïdjan",
    "dial_code": "+994",
    "code": "AZ"
  },
  {
    "name_en": "Bahamas",
    "name_fr": "Bahamas",
    "dial_code": "+1",
    "code": "BS"
  },
  {
    "name_en": "Bahrain",
    "name_fr": "Bahreïn",
    "dial_code": "+973",
    "code": "BH"
  },
  {
    "name_en": "Bangladesh",
    "name_fr": "Bangladesh",
    "dial_code": "+880",
    "code": "BD"
  },
  {
    "name_en": "Barbados",
    "name_fr": "Barbade",
    "dial_code": "+1",
    "code": "BB"
  },
  {
    "name_en": "Belarus",
    "name_fr": "Biélorussie",
    "dial_code": "+375",
    "code": "BY"
  },
  {
    "name_en": "Belgium",
    "name_fr": "Belgique",
    "dial_code": "+32",
    "code": "BE"
  },
  {
    "name_en": "Belize",
    "name_fr": "Belize",
    "dial_code": "+501",
    "code": "BZ"
  },
  {
    "name_en": "Benin",
    "name_fr": "Bénin",
    "dial_code": "+229",
    "code": "BJ"
  },
  {
    "name_en": "Bermuda",
    "name_fr": "Bermudes",
    "dial_code": "+1",
    "code": "BM"
  },
  {
    "name_en": "Bhutan",
    "name_fr": "Bhoutan",
    "dial_code": "+975",
    "code": "BT"
  },
  {
    "name_en": "Bolivia, Plurinational State of",
    "name_fr": "Bolivie",
    "dial_code": "+591",
    "code": "BO"
  },
  {
    "name_en": "Bosnia and Herzegovina",
    "name_fr": "Bosnie-Herzégovine",
    "dial_code": "+387",
    "code": "BA"
  },
  {
    "name_en": "Botswana",
    "name_fr": "Botswana",
    "dial_code": "+267",
    "code": "BW"
  },
  {
    "name_en": "Brazil",
    "name_fr": "Brésil",
    "dial_code": "+55",
    "code": "BR"
  },
  {
    "name_en": "British Indian Ocean Territory",
    "name_fr": "Territoire britannique de l'océan Indien",
    "dial_code": "+246",
    "code": "IO"
  },
  {
    "name_en": "Brunei Darussalam",
    "name_fr": "Brunei",
    "dial_code": "+673",
    "code": "BN"
  },
  {
    "name_en": "Bulgaria",
    "name_fr": "Bulgarie",
    "dial_code": "+359",
    "code": "BG"
  },
  {
    "name_en": "Burkina Faso",
    "name_fr": "Burkina Faso",
    "dial_code": "+226",
    "code": "BF"
  },
  {
    "name_en": "Burundi",
    "name_fr": "Burundi",
    "dial_code": "+257",
    "code": "BI"
  },
  {
    "name_en": "Cambodia",
    "name_fr": "Cambodge",
    "dial_code": "+855",
    "code": "KH"
  },
  {
    "name_en": "Cameroon",
    "name_fr": "Cameroun",
    "dial_code": "+237",
    "code": "CM"
  },
  {
    "name_en": "Canada",
    "name_fr": "Canada",
    "dial_code": "+1",
    "code": "CA"
  },
  {
    "name_en": "Cape Verde",
    "name_fr": "Cap-Vert",
    "dial_code": "+238",
    "code": "CV"
  },
  {
    "name_en": "Cayman Islands",
    "name_fr": "Îles Caïmans",
    "dial_code": "+ 345",
    "code": "KY"
  },
  {
    "name_en": "Central African Republic",
    "name_fr": "République centrafricaine",
    "dial_code": "+236",
    "code": "CF"
  },
  {
    "name_en": "Chad",
    "name_fr": "Tchad",
    "dial_code": "+235",
    "code": "TD"
  },
  {
    "name_en": "Chile",
    "name_fr": "Chili",
    "dial_code": "+56",
    "code": "CL"
  },
  {
    "name_en": "China",
    "name_fr": "Chine",
    "dial_code": "+86",
    "code": "CN"
  },
  {
    "name_en": "Christmas Island",
    "name_fr": "Île Christmas",
    "dial_code": "+61",
    "code": "CX"
  },
  {
    "name_en": "Cocos (Keeling) Islands",
    "name_fr": "Îles Cocos",
    "dial_code": "+61",
    "code": "CC"
  },
  {
    "name_en": "Colombia",
    "name_fr": "Colombie",
    "dial_code": "+57",
    "code": "CO"
  },
  {
    "name_en": "Comoros",
    "name_fr": "Comores",
    "dial_code": "+269",
    "code": "KM"
  },
  {
    "name_en": "Congo",
    "name_fr": "République du Congo",
    "dial_code": "+242",
    "code": "CG"
  },
  {
    "name_en": "Congo, The Democratic Republic of the Congo",
    "name_fr": "République démocratique du Congo",
    "dial_code": "+243",
    "code": "CD"
  },
  {
    "name_en": "Cook Islands",
    "name_fr": "Îles Cook",
    "dial_code": "+682",
    "code": "CK"
  },
  {
    "name_en": "Costa Rica",
    "name_fr": "Costa Rica",
    "dial_code": "+506",
    "code": "CR"
  },
  {
    "name_en": "Cote d'Ivoire",
    "name_fr": "Côte d'Ivoire",
    "dial_code": "+225",
    "code": "CI"
  },
  {
    "name_en": "Croatia",
    "name_fr": "Croatie",
    "dial_code": "+385",
    "code": "HR"
  },
  {
    "name_en": "Cuba",
    "name_fr": "Cuba",
    "dial_code": "+53",
    "code": "CU"
  },
  {
    "name_en": "Cyprus",
    "name_fr": "Chypre",
    "dial_code": "+357",
    "code": "CY"
  },
  {
    "name_en": "Czech Republic",
    "name_fr": "Tchéquie",
    "dial_code": "+420",
    "code": "CZ"
  },
  {
    "name_en": "Denmark",
    "name_fr": "Danemark",
    "dial_code": "+45",
    "code": "DK"
  },
  {
    "name_en": "Djibouti",
    "name_fr": "Djibouti",
    "dial_code": "+253",
    "code": "DJ"
  },
  {
    "name_en": "Dominica",
    "name_fr": "Dominique",
    "dial_code": "+1",
    "code": "DM"
  },
  {
    "name_en": "Dominican Republic",
    "name_fr": "République dominicaine",
    "dial_code": "+1",
    "code": "DO"
  },
  {
    "name_en": "Ecuador",
    "name_fr": "Équateur",
    "dial_code": "+593",
    "code": "EC"
  },
  {
    "name_en": "Egypt",
    "name_fr": "Égypte",
    "dial_code": "+20",
    "code": "EG"
  },
  {
    "name_en": "El Salvador",
    "name_fr": "Salvador",
    "dial_code": "+503",
    "code": "SV"
  },
  {
    "name_en": "Equatorial Guinea",
    "name_fr": "Guinée équatoriale",
    "dial_code": "+240",
    "code": "GQ"
  },
  {
    "name_en": "Eritrea",
    "name_fr": "Érythrée",
    "dial_code": "+291",
    "code": "ER"
  },
  {
    "name_en": "Estonia",
    "name_fr": "Estonie",
    "dial_code": "+372",
    "code": "EE"
  },
  {
    "name_en": "Ethiopia",
    "name_fr": "Estonie",
    "dial_code": "+251",
    "code": "ET"
  },
  {
    "name_en": "Falkland Islands (Malvinas)",
    "name_fr": "Malouines",
    "dial_code": "+500",
    "code": "FK"
  },
  {
    "name_en": "Faroe Islands",
    "name_fr": "Îles Féroé",
    "dial_code": "+298",
    "code": "FO"
  },
  {
    "name_en": "Fiji",
    "name_fr": "Fidji",
    "dial_code": "+679",
    "code": "FJ"
  },
  {
    "name_en": "Finland",
    "name_fr": "Finlande",
    "dial_code": "+358",
    "code": "FI"
  },
  {
    "name_en": "France",
    "name_fr": "France",
    "dial_code": "+33",
    "code": "FR"
  },
  {
    "name_en": "French Guiana",
    "name_fr": "Guyane",
    "dial_code": "+594",
    "code": "GF"
  },
  {
    "name_en": "French Polynesia",
    "name_fr": "Polynésie française",
    "dial_code": "+689",
    "code": "PF"
  },
  {
    "name_en": "Gabon",
    "name_fr": "Gabon",
    "dial_code": "+241",
    "code": "GA"
  },
  {
    "name_en": "Gambia",
    "name_fr": "Gambie",
    "dial_code": "+220",
    "code": "GM"
  },
  {
    "name_en": "Georgia",
    "name_fr": "Géorgie",
    "dial_code": "+995",
    "code": "GE"
  },
  {
    "name_en": "Germany",
    "name_fr": "Allemagne",
    "dial_code": "+49",
    "code": "DE"
  },
  {
    "name_en": "Ghana",
    "name_fr": "Ghana",
    "dial_code": "+233",
    "code": "GH"
  },
  {
    "name_en": "Gibraltar",
    "name_fr": "Gibraltar",
    "dial_code": "+350",
    "code": "GI"
  },
  {
    "name_en": "Greece",
    "name_fr": "Grèce",
    "dial_code": "+30",
    "code": "GR"
  },
  {
    "name_en": "Greenland",
    "name_fr": "Groenland",
    "dial_code": "+299",
    "code": "GL"
  },
  {
    "name_en": "Grenada",
    "name_fr": "Grenade",
    "dial_code": "+1",
    "code": "GD"
  },
  {
    "name_en": "Guadeloupe",
    "name_fr": "Guadeloupe",
    "dial_code": "+590",
    "code": "GP"
  },
  {
    "name_en": "Guam",
    "name_fr": "Guam",
    "dial_code": "+1",
    "code": "GU"
  },
  {
    "name_en": "Guatemala",
    "name_fr": "Guatemala",
    "dial_code": "+502",
    "code": "GT"
  },
  {
    "name_en": "Guernsey",
    "name_fr": "Guernesey",
    "dial_code": "+44",
    "code": "GG"
  },
  {
    "name_en": "Guinea",
    "name_fr": "Guinée",
    "dial_code": "+224",
    "code": "GN"
  },
  {
    "name_en": "Guinea-Bissau",
    "name_fr": "Guinée-Bissau",
    "dial_code": "+245",
    "code": "GW"
  },
  {
    "name_en": "Guyana",
    "name_fr": "Guyana",
    "dial_code": "+595",
    "code": "GY"
  },
  {
    "name_en": "Haïti",
    "name_fr": "Haïti",
    "dial_code": "+509",
    "code": "HT"
  },
  {
    "name_en": "Holy See (Vatican City State)",
    "name_fr": "Saint-Siège (État de la Cité du Vatican)",
    "dial_code": "+379",
    "code": "VA"
  },
  {
    "name_en": "Honduras",
    "name_fr": "Honduras",
    "dial_code": "+504",
    "code": "HN"
  },
  {
    "name_en": "Hong Kong",
    "name_fr": "Hong Kong",
    "dial_code": "+852",
    "code": "HK"
  },
  {
    "name_en": "Hungary",
    "name_fr": "Hongrie",
    "dial_code": "+36",
    "code": "HU"
  },
  {
    "name_en": "Iceland",
    "name_fr": "Islande",
    "dial_code": "+354",
    "code": "IS"
  },
  {
    "name_en": "India",
    "name_fr": "Inde",
    "dial_code": "+91",
    "code": "IN"
  },
  {
    "name_en": "Indonesia",
    "name_fr": "Indonésie",
    "dial_code": "+62",
    "code": "ID"
  },
  {
    "name_en": "Iran, Islamic Republic of Persian Gulf",
    "name_fr": "Iran",
    "dial_code": "+98",
    "code": "IR"
  },
  {
    "name_en": "Iraq",
    "name_fr": "Irak",
    "dial_code": "+964",
    "code": "IQ"
  },
  {
    "name_en": "Ireland",
    "name_fr": "Irlande",
    "dial_code": "+353",
    "code": "IE"
  },
  {
    "name_en": "Isle of Man",
    "name_fr": "Île de Man",
    "dial_code": "+44",
    "code": "IM"
  },
  {
    "name_en": "Israel",
    "name_fr": "Israël",
    "dial_code": "+972",
    "code": "IL"
  },
  {
    "name_en": "Italy",
    "name_fr": "Italie",
    "dial_code": "+39",
    "code": "IT"
  },
  {
    "name_en": "Jamaica",
    "name_fr": "Jamaïque",
    "dial_code": "+1",
    "code": "JM"
  },
  {
    "name_en": "Japan",
    "name_fr": "Japon",
    "dial_code": "+81",
    "code": "JP"
  },
  {
    "name_en": "Jersey",
    "name_fr": "Jersey",
    "dial_code": "+44",
    "code": "JE"
  },
  {
    "name_en": "Jordan",
    "name_fr": "Jordanie",
    "dial_code": "+962",
    "code": "JO"
  },
  {
    "name_en": "Kazakhstan",
    "name_fr": "Kazakhstan",
    "dial_code": "+7 7",
    "code": "KZ"
  },
  {
    "name_en": "Kenya",
    "name_fr": "Kenya",
    "dial_code": "+254",
    "code": "KE"
  },
  {
    "name_en": "Kiribati",
    "name_fr": "Kiribati",
    "dial_code": "+686",
    "code": "KI"
  },
  {
    "name_en": "Korea, Democratic People's Republic of Korea",
    "name_fr": "Corée du Nord",
    "dial_code": "+850",
    "code": "KP"
  },
  {
    "name_en": "Korea, Republic of South Korea",
    "name_fr": "Corée du Sud",
    "dial_code": "+82",
    "code": "KR"
  },
  {
    "name_en": "Kuwait",
    "name_fr": "Koweït",
    "dial_code": "+965",
    "code": "KW"
  },
  {
    "name_en": "Kyrgyzstan",
    "name_fr": "Kirghizistan",
    "dial_code": "+996",
    "code": "KG"
  },
  {
    "name_en": "Laos",
    "name_fr": "Laos",
    "dial_code": "+856",
    "code": "LA"
  },
  {
    "name_en": "Latvia",
    "name_fr": "Lettonie",
    "dial_code": "+371",
    "code": "LV"
  },
  {
    "name_en": "Lebanon",
    "name_fr": "Liban",
    "dial_code": "+961",
    "code": "LB"
  },
  {
    "name_en": "Lesotho",
    "name_fr": "Lesotho",
    "dial_code": "+266",
    "code": "LS"
  },
  {
    "name_en": "Liberia",
    "name_fr": "Liberia",
    "dial_code": "+231",
    "code": "LR"
  },
  {
    "name_en": "Libyan Arab Jamahiriya",
    "name_fr": "Libye",
    "dial_code": "+218",
    "code": "LY"
  },
  {
    "name_en": "Liechtenstein",
    "name_fr": "Liechtenstein",
    "dial_code": "+423",
    "code": "LI"
  },
  {
    "name_en": "Lithuania",
    "name_fr": "Lituanie",
    "dial_code": "+370",
    "code": "LT"
  },
  {
    "name_en": "Luxembourg",
    "name_fr": "Luxembourg",
    "dial_code": "+352",
    "code": "LU"
  },
  {
    "name_en": "Macao",
    "name_fr": "Macao",
    "dial_code": "+853",
    "code": "MO"
  },
  {
    "name_en": "Macedonia",
    "name_fr": "Macédoine du Nord",
    "dial_code": "+389",
    "code": "MK"
  },
  {
    "name_en": "Madagascar",
    "name_fr": "Madagascar",
    "dial_code": "+261",
    "code": "MG"
  },
  {
    "name_en": "Malawi",
    "name_fr": "Malawi",
    "dial_code": "+265",
    "code": "MW"
  },
  {
    "name_en": "Malaysia",
    "name_fr": "Malaisie",
    "dial_code": "+60",
    "code": "MY"
  },
  {
    "name_en": "Maldives",
    "name_fr": "Maldives",
    "dial_code": "+960",
    "code": "MV"
  },
  {
    "name_en": "Mali",
    "name_fr": "Mali",
    "dial_code": "+223",
    "code": "ML"
  },
  {
    "name_en": "Malta",
    "name_fr": "Malte",
    "dial_code": "+356",
    "code": "MT"
  },
  {
    "name_en": "Marshall Islands",
    "name_fr": "Îles Marshall",
    "dial_code": "+692",
    "code": "MH"
  },
  {
    "name_en": "Martinique",
    "name_fr": "Martinique",
    "dial_code": "+596",
    "code": "MQ"
  },
  {
    "name_en": "Mauritania",
    "name_fr": "Mauritanie",
    "dial_code": "+222",
    "code": "MR"
  },
  {
    "name_en": "Mauritius",
    "name_fr": "Maurice",
    "dial_code": "+230",
    "code": "MU"
  },
  {
    "name_en": "Mayotte",
    "name_fr": "Mayotte",
    "dial_code": "+262",
    "code": "YT"
  },
  {
    "name_en": "Mexico",
    "name_fr": "Mexique",
    "dial_code": "+52",
    "code": "MX"
  },
  {
    "name_en": "Micronesia, Federated States of Micronesia",
    "name_fr": "États fédérés de Micronésie",
    "dial_code": "+691",
    "code": "FM"
  },
  {
    "name_en": "Moldova",
    "name_fr": "Moldavie",
    "dial_code": "+373",
    "code": "MD"
  },
  {
    "name_en": "Monaco",
    "name_fr": "Monaco",
    "dial_code": "+377",
    "code": "MC"
  },
  {
    "name_en": "Mongolia",
    "name_fr": "Mongolie",
    "dial_code": "+976",
    "code": "MN"
  },
  {
    "name_en": "Montenegro",
    "name_fr": "Monténégro",
    "dial_code": "+382",
    "code": "ME"
  },
  {
    "name_en": "Montserrat",
    "name_fr": "Montserrat",
    "dial_code": "+1664",
    "code": "MS"
  },
  {
    "name_en": "Morocco",
    "name_fr": "Maroc",
    "dial_code": "+212",
    "code": "MA"
  },
  {
    "name_en": "Mozambique",
    "name_fr": "Mozambique",
    "dial_code": "+258",
    "code": "MZ"
  },
  {
    "name_en": "Myanmar",
    "name_fr": "Birmanie",
    "dial_code": "+95",
    "code": "MM"
  },
  {
    "name_en": "Namibia",
    "name_fr": "Namibie",
    "dial_code": "+264",
    "code": "NA"
  },
  {
    "name_en": "Nauru",
    "name_fr": "Nauru",
    "dial_code": "+674",
    "code": "NR"
  },
  {
    "name_en": "Nepal",
    "name_fr": "Népal",
    "dial_code": "+977",
    "code": "NP"
  },
  {
    "name_en": "Netherlands",
    "name_fr": "Pays-Bas",
    "dial_code": "+31",
    "code": "NL"
  },
  {
    "name_en": "Netherlands Antilles",
    "name_fr": "Antilles néerlandaises",
    "dial_code": "+599",
    "code": "AN"
  },
  {
    "name_en": "New Caledonia",
    "name_fr": "Nouvelle-Calédonie",
    "dial_code": "+687",
    "code": "NC"
  },
  {
    "name_en": "New Zealand",
    "name_fr": "Nouvelle-Zélande",
    "dial_code": "+64",
    "code": "NZ"
  },
  {
    "name_en": "Nicaragua",
    "name_fr": "Nicaragua",
    "dial_code": "+505",
    "code": "NI"
  },
  {
    "name_en": "Niger",
    "name_fr": "Niger",
    "dial_code": "+227",
    "code": "NE"
  },
  {
    "name_en": "Nigeria",
    "name_fr": "Nigeria",
    "dial_code": "+234",
    "code": "NG"
  },
  {
    "name_en": "Niue",
    "name_fr": "Niue",
    "dial_code": "+683",
    "code": "NU"
  },
  {
    "name_en": "Norfolk Island",
    "name_fr": "Île Norfolk",
    "dial_code": "+672",
    "code": "NF"
  },
  {
    "name_en": "Northern Mariana Islands",
    "name_fr": "Îles Mariannes du Nord",
    "dial_code": "+1",
    "code": "MP"
  },
  {
    "name_en": "Norway",
    "name_fr": "Norvège",
    "dial_code": "+47",
    "code": "NO"
  },
  {
    "name_en": "Oman",
    "name_fr": "Oman",
    "dial_code": "+968",
    "code": "OM"
  },
  {
    "name_en": "Pakistan",
    "name_fr": "Pakistan",
    "dial_code": "+92",
    "code": "PK"
  },
  {
    "name_en": "Palau",
    "name_fr": "Palaos",
    "dial_code": "+680",
    "code": "PW"
  },
  {
    "name_en": "Palestinian Territory",
    "name_fr": "Palestine",
    "dial_code": "+970",
    "code": "PS"
  },
  {
    "name_en": "Panama",
    "name_fr": "Panama",
    "dial_code": "+507",
    "code": "PA"
  },
  {
    "name_en": "Papua New Guinea",
    "name_fr": "Papouasie-Nouvelle-Guinée",
    "dial_code": "+675",
    "code": "PG"
  },
  {
    "name_en": "Paraguay",
    "name_fr": "Paraguay",
    "dial_code": "+595",
    "code": "PY"
  },
  {
    "name_en": "Peru",
    "name_fr": "Pérou",
    "dial_code": "+51",
    "code": "PE"
  },
  {
    "name_en": "Philippines",
    "name_fr": "Philippines",
    "dial_code": "+63",
    "code": "PH"
  },
  {
    "name_en": "Pitcairn",
    "name_fr": "Îles Pitcairn",
    "dial_code": "+872",
    "code": "PN"
  },
  {
    "name_en": "Poland",
    "name_fr": "Pologne",
    "dial_code": "+48",
    "code": "PL"
  },
  {
    "name_en": "Portugal",
    "name_fr": "Portugal",
    "dial_code": "+351",
    "code": "PT"
  },
  {
    "name_en": "Puerto Rico",
    "name_fr": "Porto Rico",
    "dial_code": "+1",
    "code": "PR"
  },
  {
    "name_en": "Qatar",
    "name_fr": "Qatar",
    "dial_code": "+974",
    "code": "QA"
  },
  {
    "name_en": "Romania",
    "name_fr": "Roumanie",
    "dial_code": "+40",
    "code": "RO"
  },
  {
    "name_en": "Russia",
    "name_fr": "Russie",
    "dial_code": "+7",
    "code": "RU"
  },
  {
    "name_en": "Rwanda",
    "name_fr": "Rwanda",
    "dial_code": "+250",
    "code": "RW"
  },
  {
    "name_en": "Reunion",
    "name_fr": "La Réunion",
    "dial_code": "+262",
    "code": "RE"
  },
  {
    "name_en": "Saint Barthelemy",
    "name_fr": "Saint-Barthélemy",
    "dial_code": "+590",
    "code": "BL"
  },
  {
    "name_en": "Saint Helena, Ascension and Tristan Da Cunha",
    "name_fr": "Sainte-Hélène, Ascension et Tristan da Cunha",
    "dial_code": "+290",
    "code": "SH"
  },
  {
    "name_en": "Saint Kitts and Nevis",
    "name_fr": "Saint-Christophe-et-Niévès",
    "dial_code": "+1",
    "code": "KN"
  },
  {
    "name_en": "Saint Lucia",
    "name_fr": "Sainte-Lucie",
    "dial_code": "+1",
    "code": "LC"
  },
  {
    "name_en": "Saint Martin",
    "name_fr": "Saint-Martin",
    "dial_code": "+590",
    "code": "MF"
  },
  {
    "name_en": "Saint Pierre and Miquelon",
    "name_fr": "Saint-Pierre-et-Miquelon",
    "dial_code": "+508",
    "code": "PM"
  },
  {
    "name_en": "Saint Vincent and the Grenadines",
    "name_fr": "Saint-Vincent-et-les-Grenadines",
    "dial_code": "+1",
    "code": "VC"
  },
  {
    "name_en": "Samoa",
    "name_fr": "Samoa",
    "dial_code": "+685",
    "code": "WS"
  },
  {
    "name_en": "San Marino",
    "name_fr": "Saint-Marin",
    "dial_code": "+378",
    "code": "SM"
  },
  {
    "name_en": "Sao Tome and Principe",
    "name_fr": "Sao Tomé-et-Principe",
    "dial_code": "+239",
    "code": "ST"
  },
  {
    "name_en": "Saudi Arabia",
    "name_fr": "Arabie saoudite",
    "dial_code": "+966",
    "code": "SA"
  },
  {
    "name_en": "Senegal",
    "name_fr": "Sénégal",
    "dial_code": "+221",
    "code": "SN"
  },
  {
    "name_en": "Serbia",
    "name_fr": "Serbie",
    "dial_code": "+381",
    "code": "RS"
  },
  {
    "name_en": "Seychelles",
    "name_fr": "Seychelles",
    "dial_code": "+248",
    "code": "SC"
  },
  {
    "name_en": "Sierra Leone",
    "name_fr": "Sierra Leone",
    "dial_code": "+232",
    "code": "SL"
  },
  {
    "name_en": "Singapore",
    "name_fr": "Singapour",
    "dial_code": "+65",
    "code": "SG"
  },
  {
    "name_en": "Slovakia",
    "name_fr": "Slovaquie",
    "dial_code": "+421",
    "code": "SK"
  },
  {
    "name_en": "Slovenia",
    "name_fr": "Slovénie",
    "dial_code": "+386",
    "code": "SI"
  },
  {
    "name_en": "Solomon Islands",
    "name_fr": "Salomon",
    "dial_code": "+677",
    "code": "SB"
  },
  {
    "name_en": "Somalia",
    "name_fr": "Somalie",
    "dial_code": "+252",
    "code": "SO"
  },
  {
    "name_en": "South Africa",
    "name_fr": "Afrique du Sud",
    "dial_code": "+27",
    "code": "ZA"
  },
  {
    "name_en": "South Georgia and the South Sandwich Islands",
    "name_fr": "Géorgie du Sud-et-les îles Sandwich du Sud",
    "dial_code": "+500",
    "code": "GS"
  },
  {
    "name_en": "Spain",
    "name_fr": "Espagne",
    "dial_code": "+34",
    "code": "ES"
  },
  {
    "name_en": "Sri Lanka",
    "name_fr": "Sri Lanka",
    "dial_code": "+94",
    "code": "LK"
  },
  {
    "name_en": "Sudan",
    "name_fr": "Soudan",
    "dial_code": "+249",
    "code": "SD"
  },
  {
    "name_en": "Suriname",
    "name_fr": "Suriname",
    "dial_code": "+597",
    "code": "SR"
  },
  {
    "name_en": "Svalbard and Jan Mayen",
    "name_fr": "Svalbard et ile Jan Mayen",
    "dial_code": "+47",
    "code": "SJ"
  },
  {
    "name_en": "Swaziland",
    "name_fr": "Swaziland",
    "dial_code": "+268",
    "code": "SZ"
  },
  {
    "name_en": "Sweden",
    "name_fr": "Suède",
    "dial_code": "+46",
    "code": "SE"
  },
  {
    "name_en": "Switzerland",
    "name_fr": "Suisse",
    "dial_code": "+41",
    "code": "CH"
  },
  {
    "name_en": "Syrian Arab Republic",
    "name_fr": "Syrie",
    "dial_code": "+963",
    "code": "SY"
  },
  {
    "name_en": "Taiwan",
    "name_fr": "Taïwan",
    "dial_code": "+886",
    "code": "TW"
  },
  {
    "name_en": "Tajikistan",
    "name_fr": "Tadjikistan",
    "dial_code": "+992",
    "code": "TJ"
  },
  {
    "name_en": "Tanzania, United Republic of Tanzania",
    "name_fr": "Tanzanie",
    "dial_code": "+255",
    "code": "TZ"
  },
  {
    "name_en": "Thailand",
    "name_fr": "Thaïlande",
    "dial_code": "+66",
    "code": "TH"
  },
  {
    "name_en": "Timor-Leste",
    "name_fr": "Timor oriental",
    "dial_code": "+670",
    "code": "TL"
  },
  {
    "name_en": "Togo",
    "name_fr": "Togo",
    "dial_code": "+228",
    "code": "TG"
  },
  {
    "name_en": "Tokelau",
    "name_fr": "Tokelau",
    "dial_code": "+690",
    "code": "TK"
  },
  {
    "name_en": "Tonga",
    "name_fr": "Tonga",
    "dial_code": "+676",
    "code": "TO"
  },
  {
    "name_en": "Trinidad and Tobago",
    "name_fr": "Trinité-et-Tobago",
    "dial_code": "+1",
    "code": "TT"
  },
  {
    "name_en": "Tunisia",
    "name_fr": "Tunisie",
    "dial_code": "+216",
    "code": "TN"
  },
  {
    "name_en": "Turkey",
    "name_fr": "Turquie",
    "dial_code": "+90",
    "code": "TR"
  },
  {
    "name_en": "Turkmenistan",
    "name_fr": "Turkménistan",
    "dial_code": "+993",
    "code": "TM"
  },
  {
    "name_en": "Turks and Caicos Islands",
    "name_fr": "Îles Turques-et-Caïques",
    "dial_code": "+1",
    "code": "TC"
  },
  {
    "name_en": "Tuvalu",
    "name_fr": "Tuvalu",
    "dial_code": "+688",
    "code": "TV"
  },
  {
    "name_en": "Uganda",
    "name_fr": "Ouganda",
    "dial_code": "+256",
    "code": "UG"
  },
  {
    "name_en": "Ukraine",
    "name_fr": "Ukraine",
    "dial_code": "+380",
    "code": "UA"
  },
  {
    "name_en": "United Arab Emirates",
    "name_fr": "Émirats arabes unis",
    "dial_code": "+971",
    "code": "AE"
  },
  {
    "name_en": "United Kingdom",
    "name_fr": "Royaume-Uni",
    "dial_code": "+44",
    "code": "GB"
  },
  {
    "name_en": "United States",
    "name_fr": "États-Unis",
    "dial_code": "+1",
    "code": "US"
  },
  {
    "name_en": "Uruguay",
    "name_fr": "Uruguay",
    "dial_code": "+598",
    "code": "UY"
  },
  {
    "name_en": "Uzbekistan",
    "name_fr": "Ouzbékistan",
    "dial_code": "+998",
    "code": "UZ"
  },
  {
    "name_en": "Vanuatu",
    "name_fr": "Vanuatu",
    "dial_code": "+678",
    "code": "VU"
  },
  {
    "name_en": "Venezuela, Bolivarian Republic of Venezuela",
    "name_fr": "Venezuela",
    "dial_code": "+58",
    "code": "VE"
  },
  {
    "name_en": "Vietnam",
    "name_fr": "Viêt Nam",
    "dial_code": "+84",
    "code": "VN"
  },
  {
    "name_en": "Virgin Islands, British",
    "name_fr": "Îles Vierges britanniques",
    "dial_code": "+1",
    "code": "VG"
  },
  {
    "name_en": "Virgin Islands, U.S.",
    "name_fr": "Îles Vierges des États-Unis",
    "dial_code": "+1",
    "code": "VI"
  },
  {
    "name_en": "Wallis and Futuna",
    "name_fr": "Wallis-et-Futuna",
    "dial_code": "+681",
    "code": "WF"
  },
  {
    "name_en": "Yemen",
    "name_fr": "Yémen",
    "dial_code": "+967",
    "code": "YE"
  },
  {
    "name_en": "Zambia",
    "name_fr": "Zambie",
    "dial_code": "+260",
    "code": "ZM"
  },
  {
    "name_en": "Zimbabwe",
    "name_fr": "Zimbabwe",
    "dial_code": "+263",
    "code": "ZW"
  }
]
